,Movie title,IMDB rating,Genre,Runtime,Age rating,Director
0,Obi-Wan Kenobi,7.2 (84k),"Action & Adventure , Science-Fiction ",44min,TV-14,NULL
1,Ms. Marvel,6.1 (40k),"Science-Fiction , Action & Adventure , Crime , Drama , Comedy , Kids & Family , Fantasy ",49min,TV-14,NULL
2,Moon Knight,7.4 (176k),"Science-Fiction , Action & Adventure , Horror , Mystery & Thriller , Drama , Fantasy ",48min,TV-14,NULL
3,The Beatles: Get Back,9.0 (19k),"Music & Musical , Documentary ",2h 36min,NULL,NULL
4,Glee,6.8 (146k),"Comedy , Drama , Music & Musical ",49min,TV-14,NULL
5,Bluey,9.7 (7k),"Kids & Family , Animation ",7min,TV-Y,NULL
6,The Simpsons,8.7 (397k),"Animation , Comedy ",27min,TV-14,NULL
7,The Mandalorian,8.7 (437k),"Action & Adventure , Drama , Science-Fiction , Fantasy ",40min,TV-14,NULL
8,"Love, Victor",8.0 (15k),"Comedy , Drama , Romance ",28min,TV-14,NULL
9,The Owl House,8.2 (9k),"Science-Fiction , Fantasy , Horror , Animation , Action & Adventure , Comedy , Drama , Kids & Family , Mystery & Thriller ",24min,NULL,NULL
10,Gravity Falls,8.3 (2k),"Comedy , Science-Fiction , Fantasy , Animation , Kids & Family , Drama , Horror , Action & Adventure , Mystery & Thriller ",23min,TV-Y7,NULL
11,The Book of Boba Fett,7.4 (128k),"Romance , Western , Kids & Family , Action & Adventure , Science-Fiction , Fantasy ",47min,TV-14,NULL
12,Alias,7.6 (49k),"Action & Adventure , Crime , Drama , Science-Fiction , Mystery & Thriller ",44min,TV-14,NULL
13,Marvel's Daredevil,8.6 (423k),"Action & Adventure , Science-Fiction , Mystery & Thriller , Crime , Drama , Fantasy ",53min,TV-MA,NULL
14,WandaVision,7.9 (296k),"Science-Fiction , Action & Adventure , Comedy , Drama , Fantasy , Romance ",39min,TV-14,NULL
15,Marvel's The Punisher,8.5 (223k),"Action & Adventure , Crime , Drama , Mystery & Thriller , Science-Fiction ",53min,TV-MA,NULL
16,Loki,8.2 (288k),"Science-Fiction , Action & Adventure , Fantasy ",48min,TV-14,NULL
17,Cosmos,NULL,NULL,NULL,NULL,NULL
18,Star Wars: The Clone Wars,8.4 (89k),"Action & Adventure , Science-Fiction , Drama , Fantasy , Animation ",23min,TV-PG,NULL
19,Star Wars: Clone Wars,7.8 (25k),"Science-Fiction , Action & Adventure , Fantasy , Animation , Drama , Kids & Family ",10min,TV-PG,NULL
20,Once Upon a Time,7.7 (221k),"Science-Fiction , Drama , Fantasy , Romance ",43min,TV-PG,NULL
21,8 Simple Rules... for Dating My Teenage Daughter,7.0 (25k),"Drama , Comedy ",22min,TV-PG,NULL
22,Hawkeye,7.6 (161k),"Action & Adventure , Drama , Crime , Science-Fiction ",47min,TV-14,NULL
23,The Mysterious Benedict Society,7.6 (3k),"Action & Adventure , Comedy , Drama , Kids & Family ",49min,TV-PG,NULL
24,Marvel's Agents of S.H.I.E.L.D.,7.5 (214k),"Science-Fiction , Action & Adventure , Mystery & Thriller , Drama ",43min,TV-14,NULL
25,Miraculous: Tales of Ladybug & Cat Noir,7.7 (10k),"Romance , Animation , Action & Adventure , Kids & Family , Fantasy ",22min,TV-Y7,NULL
26,Marvel's Jessica Jones,7.9 (210k),"Science-Fiction , Drama , Mystery & Thriller , Action & Adventure , Crime ",51min,TV-MA,NULL
27,Star Wars: The Bad Batch,7.9 (29k),"Action & Adventure , Science-Fiction , Animation , Drama , Fantasy ",29min,TV-PG,NULL
28,Star Wars Rebels,8.0 (41k),"Action & Adventure , Science-Fiction , Fantasy , Animation , Drama , Kids & Family ",23min,TV-Y7,NULL
29,Dinosaurs,7.5 (18k),"Science-Fiction , Fantasy , Comedy , Kids & Family ",24min,TV-G,NULL
30,Marvel's Agent Carter,7.9 (81k),"Science-Fiction , Action & Adventure ",42min,TV-PG,NULL
31,Boy Meets World,8.0 (41k),"Comedy , Drama , Kids & Family , Romance ",23min,TV-G,NULL
32,The Villains of Valley View,4.8,"Comedy , Kids & Family ",24min,TV-Y7,NULL
33,The Finder,7.6 (16k),"Drama , Comedy , Crime , Romance ",44min,TV-14,NULL
34,Marvel's Inhumans,4.9 (26k),"Science-Fiction , Action & Adventure ",42min,TV-PG,NULL
35,What If...?,7.4 (103k),"Science-Fiction , Fantasy , Animation , Action & Adventure ",32min,TV-14,NULL
36,Chip 'n' Dale Rescue Rangers,7.6 (19k),"Comedy , Animation , Crime , Fantasy , Action & Adventure , Kids & Family , Science-Fiction ",23min,TV-G,NULL
37,The Wonder Years,5.8 (3k),"Comedy , Drama , Kids & Family ",21min,TV-PG,NULL
38,The Falcon and The Winter Soldier,7.2 (202k),"Science-Fiction , Drama , Action & Adventure ",51min,TV-14,NULL
39,The Quest,3.6,"Action & Adventure , Science-Fiction , Fantasy , Reality TV ",43min,TV-PG,NULL
40,Amphibia,8.2 (5k),"Science-Fiction , Action & Adventure , Animation , Comedy , Kids & Family , Fantasy , Mystery & Thriller , Drama ",19min,TV-Y7,NULL
41,Man in the Arena: Tom Brady,NULL,NULL,NULL,NULL,NULL
42,black-ish,7.1 (22k),"Comedy , Documentary ",21min,TV-14,NULL
43,X-Men,8.5 (42k),"Science-Fiction , Action & Adventure , Mystery & Thriller , Animation , Kids & Family ",22min,TV-Y7,NULL
44,Star Wars: Visions,7.0 (16k),"Science-Fiction , Animation , Action & Adventure , Drama , Fantasy ",16min,TV-PG,NULL
45,The Muppet Show,8.4 (24k),"Comedy , Kids & Family , Music & Musical ",25min,TV-G,NULL
46,America's Funniest Home Videos,6.1 (5k),"Kids & Family , Reality TV , Comedy ",49min,TV-PG,NULL
47,Spider-Man,8.4 (31k),"Action & Adventure , Mystery & Thriller , Crime , Drama , Fantasy , Kids & Family , Science-Fiction , Romance , Animation ",21min,TV-Y7,NULL
48,Phineas and Ferb,8.3,"Science-Fiction , Kids & Family , Animation , Action & Adventure , Comedy ",21min,TV-G,NULL
49,Doug,7.4 (18k),"Comedy , Drama , Kids & Family , Fantasy , Animation ",24min,TV-Y7,NULL
50,Life Below Zero,7.9 (1k),"Reality TV , Documentary ",45min,TV-PG,NULL
51,Marvel's Luke Cage,7.3 (128k),"Science-Fiction , Action & Adventure , Drama , Crime , Mystery & Thriller ",56min,TV-MA,NULL
52,PJ Masks,5.4 (1k),"Animation , Action & Adventure , Kids & Family , Fantasy , Science-Fiction , Made in Europe ",16min,TV-G,NULL
53,Marvel's Runaways,6.9 (25k),"Science-Fiction , Action & Adventure , Drama , Documentary ",28min,TV-14,NULL
54,Cosmos: A Spacetime Odyssey,9.3 (120k),Documentary ,43min,TV-PG,NULL
55,Just Beyond,6.1 (1k),"Science-Fiction , Mystery & Thriller , Comedy , Drama , Fantasy , Horror ",28min,TV-PG,NULL
56,Marvel's Iron Fist,6.5 (126k),"Science-Fiction , Action & Adventure , Crime , Fantasy ",54min,TV-MA,NULL
57,Marvel's The Defenders,7.3,"Science-Fiction , Action & Adventure , Animation , Comedy , Fantasy , Crime ",50min,TV-MA,NULL
58,Cosmos: Possible Worlds,9.1 (6k),"Documentary , Mystery & Thriller , Science-Fiction , Drama ",43min,TV-PG,NULL
59,Gargoyles,8.1 (16k),"Science-Fiction , Action & Adventure , Mystery & Thriller , Fantasy , Romance , Comedy , Kids & Family , Animation , Crime , Drama ",22min,TV-G,NULL
60,DuckTales,8.1 (31k),"Science-Fiction , Animation , Kids & Family , Comedy , Fantasy , Action & Adventure ",21min,TV-Y7,NULL
61,Ultra Violet & Black Scorpion,4.8,"Kids & Family , Comedy ",24min,NULL,NULL
62,Welcome to Earth,7.9 (2k),"Documentary , Reality TV ",38min,TV-PG,NULL
63,The World According to Jeff Goldblum,7.7 (2k),"Documentary , Comedy ",26min,TV-PG,NULL
64,TRON: Uprising,8.2 (8k),"Action & Adventure , Animation , Kids & Family , Science-Fiction ",23min,TV-Y7,Charlie Bean 
65,Gordon Ramsay: Uncharted,7.7 (1k),"Documentary , Reality TV ",45min,TV-14,NULL
66,Kim Possible,7.2 (27k),"Action & Adventure , Romance , Science-Fiction , Animation , Comedy , Kids & Family ",21min,TV-G,NULL
67,Secrets of Sulphur Springs,7.6 (2k),"Drama , Kids & Family ",23min,TV-PG,NULL
68,Snowdrop,8.2 (9k),"War & Military , Mystery & Thriller , Crime , Drama , Romance ",1h 26min,TV-14,NULL
69,The Right Stuff,6.7 (3k),"Drama , History ",44min,TV-14,NULL
70,The Incredible Dr. Pol,8.5 (1k),"Reality TV , Documentary ",44min,TV-PG,NULL
71,Marvel Studios: Legends,6.5 (4k),"Science-Fiction , Action & Adventure , Fantasy ",7min,TV-14,NULL
72,DuckTales,8.2 (9k),"Animation , Kids & Family , Action & Adventure , Comedy , Fantasy , Science-Fiction ",24min,TV-Y7,NULL
73,Spidey and His Amazing Friends,5.6,"Comedy , Kids & Family , Fantasy , Science-Fiction , Animation , Action & Adventure ",23min,TV-Y7,NULL
74,Muppet Babies,6.4,"Comedy , Kids & Family , Fantasy , Science-Fiction , Animation ",22min,TV-Y,NULL
75,Star Wars Resistance,5.1 (5k),"Science-Fiction , Action & Adventure , Comedy , Drama , Kids & Family , Fantasy , Animation ",23min,TV-Y7,NULL
76,Darkwing Duck,7.6 (16k),"Comedy , Action & Adventure , Science-Fiction , Kids & Family , Crime , Fantasy , Animation ",22min,TV-G,NULL
77,Running Wild with Bear Grylls,7.6 (2k),"Reality TV , Action & Adventure , Comedy ",43min,TV-PG,NULL
78,Brain Games,8.3 (3k),"Documentary , Reality TV , Comedy , Drama , Kids & Family ",31min,TV-PG,NULL
79,Recess,7.9 (25k),"Animation , Comedy , Kids & Family ",16min,TV-G,NULL
80,Something Bit Me!,8.5,"Documentary , Reality TV ",42min,TV-14,NULL
81,Big City Greens,7.3 (2k),"Comedy , Kids & Family , Animation ",19min,TV-Y7,NULL
82,Delicacies Destiny,NULL,NULL,NULL,NULL,NULL
83,Marvel Studios: Assembled,7.9 (2k),Documentary ,58min,TV-14,NULL
84,TaleSpin,7.6 (14k),"Kids & Family , Fantasy , Animation , Action & Adventure , Comedy , Drama ",22min,TV-G,NULL
85,Star Wars: Forces of Destiny,5.2 (2k),"Science-Fiction , Action & Adventure , Animation , Drama , Kids & Family ",4min,TV-Y7,NULL
86,Marvel's Spider-Man,6.1 (2k),"Science-Fiction , Animation , Action & Adventure , Kids & Family ",24min,TV-G,NULL
87,Monsters at Work,7.0 (6k),"Comedy , Kids & Family , Fantasy , Animation ",27min,TV-G,NULL
88,Disney's Adventures of the Gummi Bears,7.5 (10k),"Animation , Kids & Family , Fantasy ",22min,TV-G,Art Vitello 
89,X-Men: Evolution,7.8 (11k),"Science-Fiction , Mystery & Thriller , Animation , Action & Adventure , Drama , Fantasy , Romance ",22min,TV-Y7,NULL
90,Jessie,5.9 (15k),"Comedy , Kids & Family , Drama ",26min,TV-G,NULL
91,Spider-Man,6.9 (1k),"Animation , Action & Adventure , Kids & Family , Fantasy , Science-Fiction ",22min,TV-Y7,NULL
92,Life Below Zero: Next Generation,5.1,Reality TV ,44min,TV-14,NULL
93,Star vs. the Forces of Evil,7.9 (14k),"Action & Adventure , Science-Fiction , Comedy , Fantasy , Kids & Family , Mystery & Thriller , Animation , Drama ",18min,TV-Y7,NULL
94,Dog Whisperer,7.9 (2k),"Kids & Family , Reality TV ",43min,TV-G,NULL
95,Wicked Tuna,6.3,"Reality TV , Action & Adventure ",45min,TV-14,NULL
96,grown-ish,6.3 (5k),"Comedy , Drama ",20min,TV-14,NULL
97,Behind the Attraction,7.7,Documentary ,42min,TV-PG,NULL
98,Secrets of the Zoo,8.3,"Reality TV , Documentary ",44min,TV-PG,NULL
99,Schoolhouse Rock!,8.2 (3k),"Animation , Kids & Family ",3min,NULL,NULL
100,The '80s: Top Ten,NULL,NULL,NULL,NULL,NULL
101,Big Shot,7.5 (3k),"Sport , Comedy , Drama ",46min,TV-PG,NULL
102,Doc McStuffins,6.6 (2k),"Animation , Kids & Family , Fantasy , Music & Musical ",22min,TV-G,NULL
103,Hannah Montana,5.1 (39k),"Comedy , Music & Musical , Kids & Family ",24min,TV-G,NULL
104,Little Einsteins,6.3 (1k),"Animation , Drama , Comedy , Kids & Family , Music & Musical , Science-Fiction ",25min,TV-Y,NULL
105,Mickey Mouse Clubhouse,5.7 (3k),"Kids & Family , Fantasy , Animation , Comedy ",27min,TV-Y,NULL
106,Dino Ranch,6.1,"Action & Adventure , Comedy , Kids & Family , Western , Animation ",12min,TV-Y,NULL
107,Ice Age: Scrat Tales,7.4 (1k),"Comedy , Animation , Kids & Family ",3min,TV-PG,NULL
108,Spider-Man and His Amazing Friends,7.2 (3k),"Action & Adventure , Science-Fiction , Animation , Comedy , Crime , Kids & Family ",25min,TV-Y7,NULL
109,The Avengers: Earth's Mightiest Heroes,8.3 (14k),"Science-Fiction , Animation , Action & Adventure , Kids & Family ",24min,TV-Y7,NULL
110,Dug Days,8.1 (3k),"Comedy , Kids & Family , Animation ",10min,TV-G,NULL
111,Lizzie McGuire,6.6 (19k),"Comedy , Kids & Family , Drama ",22min,TV-PG,NULL
112,Parallels,7.0 (1k),"Science-Fiction , Fantasy , Action & Adventure ",29min,TV-14,NULL
113,Wolverine and the X-Men,8.0 (10k),"Action & Adventure , Science-Fiction , Drama , Kids & Family , Animation ",23min,TV-Y7,NULL
114,LEGO Star Wars: The Freemaker Adventures,7.4 (1k),"Animation , Drama , Kids & Family , Comedy , Science-Fiction , Fantasy , Action & Adventure ",22min,TV-Y,NULL
115,Spider-Man Unlimited,6.3 (3k),"Action & Adventure , Crime , Kids & Family , Science-Fiction , Mystery & Thriller , Animation ",22min,TV-Y7,NULL
116,Once Upon a Time in Wonderland,6.9 (12k),"Science-Fiction , Romance , Drama , Fantasy ",43min,TV-PG,NULL
117,Marvel's Ultimate Spider-Man,7.1 (12k),"Action & Adventure , Comedy , Kids & Family , Science-Fiction , Animation ",22min,TV-Y7,NULL
118,One Strange Rock,8.7 (7k),Documentary ,47min,TV-G,NULL
119,K.C. Undercover,6.2 (4k),"Action & Adventure , Comedy , Drama , Kids & Family ",25min,TV-G,NULL
120,Raven's Home,7.1 (3k),"Comedy , Kids & Family ",24min,TV-G,NULL
121,So Weird,8.4 (2k),"Mystery & Thriller , Science-Fiction , Kids & Family ",24min,TV-PG,NULL
122,Port Protection Alaska,8.2,Reality TV ,48min,TV-14,NULL
123,The Incredible Hulk,6.7 (3k),"Action & Adventure , Animation , Fantasy , Science-Fiction ",22min,TV-Y7,NULL
124,The New Adventures of Winnie the Pooh,7.6 (4k),"Comedy , Animation , Kids & Family , Fantasy ",22min,TV-Y,NULL
125,Once,7.9,"Comedy , Kids & Family , Sport ",23min,NULL,NULL
126,Puppy Dog Pals,6.8 (1k),"Drama , Kids & Family , Animation , Comedy ",20min,TV-Y,NULL
127,Captain Jake and the Never Land Pirates,5.6 (1k),"Animation , Action & Adventure , Kids & Family , Fantasy ",26min,TV-Y,Howy Parkins 
128,The Suite Life of Zack & Cody,6.5 (36k),"Comedy , Kids & Family ",26min,TV-G,NULL
129,The Proud Family,6.5 (7k),"Animation , Comedy , Kids & Family , Fantasy ",22min,TV-Y,NULL
130,Andi Mack,7.1 (2k),"Drama , Comedy , Kids & Family ",25min,TV-G,NULL
131,Girl Meets World,7.1 (14k),"Comedy , Drama , Kids & Family , Music & Musical ",23min,TV-G,NULL
132,Star Wars: Droids,5.9 (1k),"Action & Adventure , Science-Fiction , Animation , Comedy , Kids & Family ",23min,TV-Y7,NULL
133,Wizards of Waverly Place,6.9 (33k),"Science-Fiction , Fantasy , Comedy , Drama , Kids & Family ",24min,TV-G,NULL
134,Fantastic Four,6.4 (3k),"Action & Adventure , Animation , Science-Fiction ",21min,TV-Y7,NULL
135,Secrets of the Whales,8.5,Documentary ,48min,TV-PG,NULL
136,Marvel's Avengers Assemble,7.0 (7k),"Action & Adventure , Science-Fiction , Animation , Comedy , Drama , Kids & Family ",22min,TV-Y7,NULL
137,Science of Stupid,6.7,"Documentary , Comedy , Reality TV ",22min,NULL,NULL
138,The Muppets,7.4 (6k),"Comedy , Kids & Family ",21min,TV-PG,NULL
139,Kick Buttowski: Suburban Daredevil,6.6 (5k),"Action & Adventure , Comedy , Kids & Family , Mystery & Thriller , Animation ",23min,TV-Y7,NULL
140,Drain the Oceans,7.5,"Documentary , History ",46min,TV-PG,NULL
141,Turner & Hooch,6.5 (3k),"Crime , Drama , Kids & Family , Comedy , Action & Adventure ",48min,TV-PG,NULL
142,Year Million,7.4,"Science-Fiction , Documentary , Drama ",47min,TV-14,NULL
143,The Wizard of Paws,9.3,"Kids & Family , Reality TV ",23min,NULL,NULL
144,"Cesar Millan: Better Human, Better Dog",8.2,Reality TV ,43min,TV-14,NULL
145,The Avengers: United They Stand,5.2,"Animation , Science-Fiction , Action & Adventure ",22min,TV-Y7,NULL
146,Wander Over Yonder,7.2 (4k),"Science-Fiction , Animation , Comedy , Kids & Family , Fantasy ",18min,TV-Y7,NULL
147,Milo Murphy's Law,7.5 (2k),"Animation , Action & Adventure , Comedy , Kids & Family , Fantasy ",20min,TV-Y7,NULL
148,The Mickey Mouse Club,7.6,"Music & Musical , Comedy , Drama , Kids & Family ",31min,TV-PG,NULL
149,Liv and Maddie,6.3 (8k),"Drama , Comedy , Kids & Family ",23min,TV-G,NULL
150,Good Luck Charlie,7.1 (21k),"Comedy , Drama , Kids & Family , Music & Musical ",23min,TV-G,NULL
151,Fancy Nancy,5.4,"Animation , Comedy , Kids & Family ",20min,TV-Y,NULL
152,Life Below Zero: Northern Territories,8.2,"Reality TV , Action & Adventure ",43min,NULL,NULL
153,The Lion Guard,6.4 (2k),"Animation , Action & Adventure , Comedy , Kids & Family , Fantasy , Drama , Music & Musical ",24min,TV-G,NULL
154,"Heartland Docs, DVM",8.7,Reality TV ,44min,TV-PG,NULL
155,American Dragon: Jake Long,6.6 (11k),"Action & Adventure , Comedy , Kids & Family , Fantasy , Animation ",21min,TV-G,NULL
156,Marvel's Guardians of the Galaxy,7.3 (3k),"Action & Adventure , Science-Fiction , Animation , Comedy , Drama , Kids & Family ",22min,TV-Y7,NULL
157,Pepper Ann,7.1 (3k),"Kids & Family , Animation , Comedy ",15min,TV-Y,NULL
158,Critter Fixers: Country Vets,8.7,"Kids & Family , Documentary ",44min,TV-14,NULL
159,Iron Man: Armored Adventures,6.4 (3k),"Action & Adventure , Science-Fiction , Kids & Family , Fantasy , Animation ",23min,TV-Y7,NULL
160,Kickin' It,6.4 (5k),"Action & Adventure , Kids & Family , Comedy , Drama ",23min,TV-Y7,NULL
161,Goof Troop,6.8 (8k),"Animation , Comedy , Kids & Family , Music & Musical ",22min,TV-G,NULL
162,Lost Treasures of Egypt,NULL,NULL,NULL,NULL,NULL
163,The Proud Family: Louder and Prouder,5.7 (1k),"Comedy , Animation , Kids & Family ",26min,TV-PG,NULL
164,37 Words,NULL,NULL,NULL,NULL,NULL
165,Randy Cunningham: 9th Grade Ninja,6.5 (1k),"Action & Adventure , Science-Fiction , Kids & Family , Fantasy , Animation , Comedy ",17min,TV-Y7,NULL
166,Family Reboot,NULL,NULL,NULL,NULL,NULL
167,The Super Hero Squad Show,5.9 (1k),"Action & Adventure , Comedy , Science-Fiction , Animation , Kids & Family ",23min,TV-Y7,NULL
168,Rolie Polie Olie,6.3 (2k),"Animation , Comedy , Kids & Family , Fantasy , Science-Fiction ",21min,TV-Y,NULL
169,Primal Survivor,8.1,"Documentary , Reality TV , Action & Adventure ",43min,TV-14,NULL
170,A.N.T. Farm,5.1 (6k),"Comedy , Drama , Kids & Family ",25min,TV-G,NULL
171,"Doogie Kamealoha, M.D.",6.2 (2k),"Comedy , Drama , Kids & Family ",35min,TV-PG,NULL
172,Austin & Ally,5.8 (11k),"Comedy , Drama , Kids & Family , Music & Musical , Romance ",23min,TV-G,NULL
173,Hercules,6.6 (10k),"Action & Adventure , Fantasy , Animation , Comedy , Kids & Family ",23min,TV-Y,NULL
174,Star Wars Galaxy of Sounds,7.0,Science-Fiction ,7min,TV-PG,NULL
175,High School Musical: The Musical: The Series,7.1 (6k),"Comedy , Drama ",33min,TV-PG,NULL
176,That's So Raven,6.6 (19k),"Science-Fiction , Comedy , Kids & Family , Fantasy ",22min,TV-G,NULL
177,Star Wars: Ewoks,6.0 (1k),"Animation , Science-Fiction , Action & Adventure , Kids & Family , Fantasy ",25min,TV-G,NULL
178,Higglytown Heroes,4.8,"Kids & Family , Animation ",24min,TV-Y,NULL
179,Big Hero 6 The Series,7.4,"Action & Adventure , Comedy , Animation , Science-Fiction , Kids & Family ",23min,TV-Y7,NULL
180,The Mighty Ducks: Game Changers,7.4 (4k),"Kids & Family , Comedy , Sport , Drama ",35min,TV-PG,NULL
181,Fantastic Four: World's Greatest Heroes,6.8 (2k),"Action & Adventure , Kids & Family , Science-Fiction , Animation ",23min,TV-Y7,NULL
182,The Ghost and Molly McGee,7.2,"Fantasy , Music & Musical , Animation , Mystery & Thriller , Comedy , Kids & Family , Horror , Science-Fiction ",21min,TV-Y7,NULL
183,Bonkers,6.7 (1k),"Comedy , Science-Fiction , Kids & Family , Animation , Fantasy , Action & Adventure , Western , Crime ",25min,TV-Y7,NULL
184,The Little Mermaid,6.7 (5k),"Romance , Animation , Comedy , Drama , Kids & Family , Fantasy ",23min,TV-G,Jamie Mitchell 
185,Eureka!,NULL,NULL,NULL,NULL,NULL
186,Sketchbook,7.9,Documentary ,22min,TV-PG,Jason Sterman 
187,Lost Cities with Albert Lin,7.7,"Documentary , History ",42min,TV-14,NULL
188,Marvel's Hulk and the Agents of S.M.A.S.H.,6.0 (3k),"Action & Adventure , Science-Fiction , Animation , Comedy , Kids & Family ",23min,TV-Y7,NULL
189,Even Stevens,7.6 (14k),"Comedy , Kids & Family ",22min,TV-G,NULL
190,Iron Man,6.6 (3k),"Science-Fiction , Action & Adventure , Kids & Family , Animation ",22min,TV-Y7,NULL
191,Super Robot Monkey Team Hyperforce Go!,6.3 (2k),"Action & Adventure , Science-Fiction , Animation , Comedy , Kids & Family , Fantasy ",27min,TV-Y7,NULL
192,Rapunzel's Tangled Adventure,7.6 (2k),"Animation , Kids & Family , Fantasy , Action & Adventure , Comedy , Drama ",25min,TV-G,NULL
193,Stuck in the Middle,6.0 (2k),"Comedy , Kids & Family , Documentary , Romance ",24min,TV-G,NULL
194,Timon & Pumbaa,7.0 (10k),"Comedy , Kids & Family , Fantasy , Music & Musical , Animation , Science-Fiction ",22min,TV-Y,NULL
195,Disney Intertwined,6.3,"Science-Fiction , Comedy , Drama , Fantasy ",45min,TV-14,NULL
196,Olaf Presents,7.2 (2k),"Kids & Family , Animation , Fantasy , Comedy ",4min,TV-Y,Hyrum Virl Osmond 
197,Prop Culture,NULL,NULL,NULL,NULL,NULL
198,Alice's Wonderland Bakery,7.9,"Comedy , Kids & Family , Fantasy , Animation ",24min,TV-Y,NULL
199,Smart Guy,7.4 (5k),"Kids & Family , Comedy , Drama ",22min,TV-G,NULL
200,"Mira, Royal Detective",NULL,NULL,NULL,NULL,NULL
201,Elena of Avalor,6.3 (1k),"Drama , Kids & Family , Fantasy , Animation , Action & Adventure , Comedy ",24min,TV-G,NULL
202,Shake It Up,7.8,"Comedy , Kids & Family ",25min,TV-G,NULL
203,Vampirina,6.4,"Animation , Comedy , Kids & Family , Fantasy ",21min,TV-Y,NULL
204,Mickey and the Roadster Racers,6.0,"Action & Adventure , Animation , Reality TV , Comedy , Kids & Family , Sport ",21min,TV-Y,Phil Weinstein 
205,Special Agent Oso,5.1,"Animation , Kids & Family , Action & Adventure ",20min,TV-Y,NULL
206,101 Dalmatians: The Series,6.1 (1k),"Action & Adventure , Kids & Family , Animation , Comedy ",22min,TV-G,NULL
207,Lab Rats,6.6 (6k),"Science-Fiction , Action & Adventure , Comedy , Drama , Kids & Family ",24min,TV-Y7,NULL
208,America's Funniest Home Videos: Animal Edition,8.1,"Reality TV , Kids & Family ",44min,TV-PG,NULL
209,Gigantosaurus,6.7,Animation ,13min,TV-G,NULL
210,Disney Gallery / Star Wars: The Mandalorian,8.4 (2k),Documentary ,33min,TV-PG,NULL
211,Chip 'N' Dale: Park Life,5.7,"Animation , Comedy , Kids & Family ",22min,TV-G,Jean Cayrol 
212,Dog with a Blog,4.9 (6k),"Comedy , Drama , Kids & Family , Fantasy ",23min,TV-G,NULL
213,Marvel's Ant-Man,6.5,"Action & Adventure , Animation , Comedy , Kids & Family , Science-Fiction ",1min,NULL,Ugo Bienvenu 
214,Mickey Mouse,8.1 (3k),"Animation , Comedy , Kids & Family , Fantasy ",5min,TV-G,NULL
215,America's National Parks,7.6,"Documentary , Kids & Family ",40min,TV-PG,NULL
216,Wild Congo,NULL,NULL,NULL,NULL,NULL
217,Adventures in Wonderland,7.9,"Comedy , Science-Fiction , Kids & Family , Fantasy ",28min,TV-Y,NULL
218,I am Luna,6.4 (1k),"Documentary , Music & Musical , Comedy , Kids & Family ",46min,NULL,Martín Saban 
219,Lilo & Stitch: The Series,6.7 (10k),"Action & Adventure , Comedy , Kids & Family , Science-Fiction , Animation ",23min,TV-Y7,NULL
220,Muppets Now,5.9 (1k),"Comedy , Kids & Family , Reality TV ",27min,TV-PG,NULL
221,Supercar Megabuild,4.6,"Reality TV , Documentary ",45min,NULL,NULL
222,JONAS L.A.,4.6 (6k),"Comedy , Kids & Family , Music & Musical , Reality TV ",21min,TV-G,NULL
223,The Suite Life on Deck,6.3 (18k),"Comedy , Drama , Kids & Family , Action & Adventure ",24min,TV-PG,NULL
224,Disney Gallery: Star Wars: The Book of Boba Fett,7.5,Documentary ,1h 2min,NULL,NULL
225,Marvel 616,6.4,Documentary ,52min,TV-14,NULL
226,The Lodge,6.1,"Drama , Kids & Family , Reality TV ",22min,TV-G,NULL
227,Car S.O.S.,8.1,"Documentary , Reality TV , Made in Europe ",44min,NULL,NULL
228,Sonny with a Chance,6.0 (12k),"Comedy , Kids & Family , Romance ",22min,TV-G,NULL
229,The Wonderful World of Mickey Mouse,7.9,"Kids & Family , Comedy , Science-Fiction , Animation , Fantasy , Western ",8min,TV-G,NULL
230,Marvel Rising: Initation,5.5,"Action & Adventure , Animation , Comedy , Drama , Kids & Family ",4min,NULL,NULL
231,Wicked Tuna: Outer Banks,5.9,Reality TV ,46min,TV-14,NULL
232,The Great Christmas Light Fight,6.3,Reality TV ,43min,TV-PG,NULL
233,Diary of a Future President,5.9 (1k),"Comedy , Drama , Kids & Family ",30min,TV-PG,NULL
234,Inside Pixar,7.3,"Documentary , Kids & Family ",11min,TV-G,NULL
235,Secrets of the Zoo: Tampa,8.7,"Documentary , Kids & Family ",44min,TV-14,NULL
236,Europe From Above,8.0,Documentary ,43min,NULL,NULL
237,Descendants: Wicked World,6.3 (1k),"Science-Fiction , Kids & Family , Fantasy , Romance , Animation , Comedy ",6min,TV-G,Eric Fogel 
238,Secrets of the Zoo: Down Under,8.1,Documentary ,43min,NULL,NULL
239,Pixar Popcorn,6.6 (1k),"Animation , Comedy , Kids & Family ",4min,TV-G,Adam Rodríguez 
240,Earth to Ned,NULL,NULL,NULL,NULL,NULL
241,Meet Spidey and His Amazing Friends - shorts,NULL,NULL,NULL,NULL,NULL
242,Apollo: Back to the Moon,NULL,NULL,NULL,NULL,NULL
243,Mighty Ducks: The Animated Series,6.4 (1k),"Action & Adventure , Comedy , Science-Fiction , Drama , Sport , Kids & Family , Animation ",22min,TV-Y7,NULL
244,Great Migrations,8.1,Documentary ,50min,TV-PG,NULL
245,Dog: Impossible,NULL,NULL,NULL,NULL,NULL
246,One Day at Disney,7.3,Documentary ,6min,TV-PG,NULL
247,Buried Secrets of The Bible With Albert Lin,6.8,"Documentary , History ",44min,TV-PG,Matthew Thompson 
248,Marvel Future Avengers,5.4,"Animation , Action & Adventure , Science-Fiction ",23min,TV-Y7,Yuzo Sato 
249,Pair of Kings,5.7 (4k),"Action & Adventure , Science-Fiction , Comedy , Kids & Family , Fantasy ",24min,TV-Y7,NULL
250,Spaced Out,NULL,NULL,NULL,NULL,NULL
251,Handy Manny,5.5 (1k),"Comedy , Animation , Kids & Family ",20min,TV-Y,NULL
252,Mighty Med,6.4 (2k),"Comedy , Kids & Family , Science-Fiction ",25min,TV-Y7,NULL
253,Phil of the Future,7.0 (7k),"Science-Fiction , Kids & Family , Comedy ",22min,TV-PG,NULL
254,Alaska Animal Rescue,9.0,"Reality TV , Documentary ",44min,NULL,NULL
255,Silver Surfer,7.0 (2k),"Action & Adventure , Science-Fiction , Mystery & Thriller , Animation ",20min,TV-Y7,Larry Brody 
256,Avengers: Secret Wars (Shorts),NULL,NULL,NULL,NULL,NULL
257,Spider-Woman,5.8,"Animation , Fantasy , Action & Adventure , Kids & Family ",21min,TV-PG,NULL
258,LEGO Star Wars: Droid Tales,7.5,"Animation , Action & Adventure , Comedy , Science-Fiction ",24min,TV-Y,NULL
259,Eye Wonder,NULL,NULL,NULL,NULL,NULL
260,Walt Disney Animation Studios: Short Circuit Experimental Films,7.5,"Animation , Comedy , Kids & Family ",5min,TV-PG,NULL
261,The Greeks,7.7,"Documentary , Sport , History ",54min,NULL,Chad Cohen 
262,Broken Karaoke,NULL,NULL,NULL,NULL,NULL
263,Star Wars Vehicle Flythroughs,6.2,Science-Fiction ,4min,TV-G,NULL
264,Origins: The Journey of Humankind,6.5,"Documentary , Drama , Action & Adventure , History , Science-Fiction , Comedy , Horror , Romance ",29min,TV-14,NULL
265,Out of the Box,7.4,"Kids & Family , Fantasy , Music & Musical , Comedy , Sport , Documentary ",24min,TV-Y,NULL
266,Spin and Marty,8.1,"Western , Kids & Family ",12min,NULL,NULL
267,Disney Insider,6.5,Documentary ,19min,TV-PG,NULL
268,The Rocketeer,4.6,"Action & Adventure , Comedy , Kids & Family , Science-Fiction , Animation ",23min,TV-Y,NULL
269,I Didn't Do It,7.5,"Comedy , Crime , History , Drama , Kids & Family ",25min,TV-G,NULL
270,Wild Scandinavia,8.0,Documentary ,45min,NULL,NULL
271,Hostile Planet,8.2,Documentary ,47min,TV-PG,Guillermo Navarro 
272,Pickle & Peanut,3.9 (1k),"Comedy , Animation , Kids & Family , Fantasy ",22min,TV-Y7,NULL
273,Among the Stars,7.8,Documentary ,46min,TV-PG,NULL
274,Bizaardvark,3.7 (2k),"Kids & Family , Comedy ",23min,TV-G,NULL
275,T.O.T.S.,6.8,"Kids & Family , Music & Musical , Animation , Comedy ",21min,TV-Y,NULL
276,Kingdom of the Mummies,7.2,Documentary ,44min,TV-14,NULL
277,UFO Missione Europa,6.3,"Reality TV , Science-Fiction , Documentary ",43min,TV-PG,NULL
278,Fish Hooks,4.8 (3k),"Comedy , Animation , Kids & Family ",22min,TV-G,NULL
279,Unknown Waters with Jeremy Wade,8.4,Documentary ,44min,NULL,NULL
280,Marvel's Rocket & Groot,6.7,"Animation , Comedy , Kids & Family , Science-Fiction ",2min,NULL,NULL
281,Bia,6.7,"Drama , Kids & Family , Music & Musical , Romance , Action & Adventure , Comedy ",37min,TV-G,Jorge Bechara 
282,Encore!,7.6,Reality TV ,54min,TV-PG,NULL
283,Miles from Tomorrowland,6.4,"Science-Fiction , Action & Adventure , Kids & Family , Animation ",19min,TV-Y,NULL
284,Japan: Between Earth & Sky,7.5,Documentary ,44min,TV-PG,Eric Beaufils 
285,MECH-X4,5.9,"Science-Fiction , Comedy , Kids & Family , Action & Adventure ",23min,TV-Y7,NULL
286,"Man, Woman, Dog",7.7,"Documentary , Reality TV ",44min,NULL,NULL
287,Zeke and Luther,6.3 (3k),"Comedy , Action & Adventure , Kids & Family , Sport ",22min,TV-Y7,NULL
288,The Emperor's New School,6.6 (5k),"Comedy , Kids & Family , Fantasy , Animation ",23min,TV-Y,NULL
289,The Imagineering Story,NULL,NULL,NULL,NULL,NULL
290,Brain Games: On The Road,6.1,Reality TV ,22min,NULL,NULL
291,Storm Rising,NULL,NULL,NULL,NULL,NULL
292,The Knights of Castelcorvo,5.3,Mystery & Thriller ,21min,TV-PG,Riccardo Antonaroli 
293,Vets on the Beach,NULL,NULL,NULL,NULL,NULL
294,So Random!,4.5 (2k),"Comedy , Kids & Family ",23min,TV-G,NULL
295,Magic of Disney's Animal Kingdom,8.2,"Documentary , Reality TV ",36min,TV-PG,NULL
296,Ice Road Rescue,7.9,"Documentary , Reality TV ",44min,TV-14,NULL
297,Tut's Treasures: Hidden Secrets,NULL,NULL,NULL,NULL,NULL
298,Shop Class,NULL,NULL,NULL,NULL,NULL
299,X-Ray Earth,6.4,Documentary ,44min,TV-14,NULL
300,The Evermoor Chronicles,6.1,"Action & Adventure , Kids & Family , Fantasy ",22min,TV-PG,NULL
301,Best Friends Whenever,5.6 (1k),"Science-Fiction , Comedy , Kids & Family ",24min,TV-G,NULL
302,Gabby Duran and the Unsittables,5.6,"Science-Fiction , Comedy , Kids & Family ",25min,TV-Y7,NULL
303,Sydney to the Max,6.2,"Comedy , Kids & Family ",23min,TV-G,NULL
304,Lab Rats: Elite Force,6.2 (1k),"Science-Fiction , Comedy , Drama , Kids & Family ",23min,TV-Y7,NULL
305,ZOMBIES: Addison's Moonstone Mystery,6.4,"Animation , Kids & Family ",2min,NULL,NULL
306,On Pointe,7.7,Documentary ,45min,TV-PG,Larissa Bills 
307,Wild Hawaii,NULL,NULL,NULL,NULL,NULL
308,The Replacements,5.8 (2k),"Animation , Comedy , Kids & Family , Science-Fiction ",23min,TV-G,NULL
309,India from Above,NULL,NULL,NULL,NULL,NULL
310,Wild Chile: Un viaje salvaje,7.5,Documentary ,49min,TV-PG,NULL
311,Dr K's Exotic Animal ER,8.1,Reality TV ,43min,TV-PG,NULL
312,Mickey Mouse Funhouse,4.9,"Comedy , Kids & Family , Fantasy , Romance , Animation , Action & Adventure ",14min,TV-G,NULL
313,Kirby Buckets,4.7,"Animation , Comedy , Kids & Family ",22min,TV-Y7,NULL
314,Pick of the Litter,8.0,"Documentary , Kids & Family ",32min,TV-PG,NULL
315,101 Dalmatian Street,5.9,"Animation , Kids & Family , Comedy ",17min,TV-Y7,NULL
316,Minnie's Bow-Toons,5.2,Animation ,3min,TV-Y,NULL
317,Earth Moods,8.0,Documentary ,30min,TV-G,NULL
318,Called to the Wild,NULL,NULL,NULL,NULL,NULL
319,The Chicken Squad,4.8,"Kids & Family , Animation , Comedy ",14min,TV-Y,NULL
320,Into the Unknown: Making Frozen II,8.4,"Documentary , Kids & Family ",36min,TV-PG,Megan Harding 
321,Disney Presents Goofy in How to Stay at Home,6.8,"Animation , Comedy , Kids & Family ",3min,TV-G,NULL
322,Wild Sri Lanka,8.3,Documentary ,48min,NULL,NULL
323,Breaking Bobby Bones,NULL,NULL,NULL,NULL,NULL
324,Zenimation,7.4,"Science-Fiction , Kids & Family , Animation ",10min,TV-G,NULL
325,Marvel Super Hero Adventures,5.7,"Action & Adventure , Kids & Family , Animation ",4min,TV-Y,NULL
326,Rogue Trip,NULL,NULL,NULL,NULL,NULL
327,Gathering Storm,7.9,Documentary ,44min,NULL,NULL
328,Birth of Europe,7.2,Documentary ,50min,NULL,Matt Currington 
329,Wild Yellowstone,7.4,Documentary ,54min,TV-PG,NULL
330,Billy Dilley’s Super-Duper Subterranean Summer,3.2,"Animation , Comedy , Fantasy , Science-Fiction , Kids & Family ",22min,TV-Y7,NULL
331,Walk the Prank,3.7,"Comedy , Reality TV ",22min,TV-Y7,NULL
332,Disney's Magic Bake-Off,5.8,"Kids & Family , Reality TV ",46min,TV-Y,NULL
333,Coop & Cami Ask The World,5.6,"Kids & Family , Comedy ",23min,TV-G,NULL
334,Weird But True,7.8,"Kids & Family , Documentary ",23min,TV-G,NULL
335,National Geographic Presents: IMPACT with Gal Gadot,5.3,Documentary ,13min,TV-14,Vanessa Roth 
336,Pixar in Real Life,6.5,"Reality TV , Kids & Family , Comedy ",4min,TV-G,NULL
337,Just Roll with It,4.6,"Kids & Family , Comedy ",24min,TV-G,NULL
338,Wild Russia,8.4,"Documentary , Made in Europe ",45min,TV-PG,NULL
339,High School Musical: The Musical: The Series: The Sing-Along,NULL,NULL,NULL,NULL,NULL
340,Fast Layne,5.2,"Action & Adventure , Comedy , Science-Fiction , Mystery & Thriller ",23min,TV-G,NULL
341,Goldie & Bear,6.2,"Animation , Music & Musical , Kids & Family , Fantasy ",24min,TV-Y,NULL
342,The Book of Pooh,6.3,"Western , Kids & Family , Fantasy , Animation , Comedy ",26min,TV-Y,NULL
343,Foodtastic,4.8,Reality TV ,42min,TV-PG,NULL
344,China From Above,7.7,Documentary ,44min,TV-PG,NULL
345,The Big Fib,NULL,NULL,NULL,NULL,NULL
346,Star Wars Blips,6.1,"Comedy , Animation ",1min,NULL,NULL
347,Growing Up Animal,8.2,Documentary ,2min,TV-G,NULL
348,Wild Cats of India,7.6,Documentary ,44min,NULL,Sandesh Kadur 
349,Turning the Tables with Robin Roberts,5.6,,27min,NULL,NULL
350,Sheriff Callie's Wild West,6.3,"Western , Animation , Action & Adventure , Comedy , Kids & Family ",21min,TV-Y,NULL
351,Race to the Center of the Earth,6.4,Reality TV ,53min,TV-14,NULL
352,Take Two with Phineas and Ferb,6.3,"Animation , Comedy , Kids & Family ",3min,TV-G,NULL
353,Teacher's Pet,6.2,"Animation , Comedy , Kids & Family , Fantasy ",21min,TV-Y,NULL
354,My Friends Tigger & Pooh,5.8,"Action & Adventure , Kids & Family , Animation ",24min,TV-Y,Don MacKinnon 
355,LEGO Star Wars: All-Stars,6.5,"Animation , Comedy , Science-Fiction , Action & Adventure ",16min,TV-Y7,NULL
356,Imagination Movers,7.1,"Comedy , Kids & Family ",22min,TV-Y,NULL
357,Becoming,6.4,"Documentary , Drama , Kids & Family , History , Sport ",24min,TV-14,NULL
358,Secrets of the Zoo: North Carolina,7.8,"Documentary , Reality TV ",44min,TV-14,NULL
359,Henry Hugglemonster,5.0,"Animation , Kids & Family , Fantasy , Music & Musical ",24min,TV-Y,NULL
360,Meet the Chimps,8.4,Documentary ,37min,TV-14,Virginia Quinn 
361,Legend of the Three Caballeros,7.8,"Action & Adventure , Comedy , Kids & Family , Fantasy , Animation ",23min,TV-Y7,Matt Danner 
362,Unlikely Animal Friends,7.6,Documentary ,44min,TV-PG,NULL
363,Animal ER,7.9,"Reality TV , Documentary ",44min,TV-14,NULL
364,Violetta,5.1 (2k),"Music & Musical , Romance , Drama , Kids & Family ",44min,TV-G,Martín Saban 
365,Shark Attack Files,6.0,Documentary ,41min,TV-14,NULL
366,"Dr. Oakley, Yukon Vet",8.4,Reality TV ,44min,TV-PG,NULL
367,Future-Worm!,5.2,"Animation , Comedy , Kids & Family , Science-Fiction ",22min,TV-Y7,Dan O'Connor 
368,Mickey Go Local,5.7,"Animation , Comedy ",3min,NULL,Bernard Toh 
369,Marvel Battleworld: Mystery of the Thanostones,5.9,"Animation , Action & Adventure ",3min,NULL,NULL
370,The Hatcher Family Dairy,8.9,Documentary ,44min,NULL,NULL
371,Alaska's Grizzly Gauntlet,6.4,Documentary ,44min,TV-PG,NULL
372,Wild Central America,NULL,NULL,NULL,NULL,NULL
373,Quack Pack,6.7 (4k),"Animation , Kids & Family , Comedy ",22min,NULL,NULL
374,Mexico Untamed,7.3,Documentary ,44min,NULL,NULL
375,Weekend Family,6.4,"Comedy , Kids & Family ",27min,TV-PG,NULL
376,Awesome Animals,NULL,NULL,NULL,NULL,NULL
377,Continent 7: Antarctica,7.3,Documentary ,47min,TV-PG,NULL
378,Lost Treasures of the Maya,6.5,"Documentary , History ",44min,TV-14,NULL
379,Be Our Chef,6.4,Reality TV ,24min,TV-G,Adam Vetri 
380,Disney Junior Music Nursery Rhymes,6.4,"Kids & Family , Music & Musical , Animation ",2min,TV-Y,NULL
381,When Sharks Attack,6.7,Documentary ,44min,TV-14,NULL
382,Animal Showdown,NULL,NULL,NULL,NULL,NULL
383,Disney Parks Sunrise Series,NULL,NULL,NULL,NULL,NULL
384,"Rise Up, Sing Out",6.6 (1k),Animation ,2min,NULL,NULL
385,Kingdom of the White Wolf,8.0,Documentary ,44min,TV-PG,Tony Gerber 
386,Random Rings,6.4,,2min,TV-Y7,NULL
387,"Weirdest, Bestest, Truest",NULL,NULL,NULL,NULL,NULL
388,Howie Mandel's Animals Doing Things,3.6,Comedy ,30min,TV-14,NULL
389,Disney Junior Music Lullabies,NULL,NULL,NULL,NULL,NULL
390,Prairie Dog Manor,8.0,"Reality TV , Documentary ",22min,NULL,NULL
391,Disney Channel Games,6.4,"Reality TV , Kids & Family ",22min,TV-G,NULL
392,First Class Chefs,NULL,NULL,NULL,NULL,NULL
393,Tangled: Short Cuts,7.1,"Animation , Comedy , Kids & Family , Fantasy ",2min,NULL,NULL
394,Disney Junior Ready for Preschool,NULL,NULL,NULL,NULL,NULL
395,Pop Goes the Vet,7.7,"Documentary , Reality TV ",44min,TV-PG,NULL
396,The Doc Files,6.4,Animation ,3min,TV-G,NULL
397,What Sam Sees,NULL,NULL,NULL,NULL,NULL
398,Disney's Fairy Tale Weddings,6.5,"Documentary , Reality TV ",39min,TV-PG,NULL
399,Jungle Animal Rescue,6.6,Documentary ,44min,TV-PG,NULL
400,Paradise Islands,4.4,"Drama , Kids & Family , Action & Adventure , Comedy ",44min,TV-PG,Matt Hamilton 
401,Out There with Jack Randall,6.4,Documentary ,44min,TV-14,NULL
402,"Dr. T, Lone Star Vet",8.3,Reality TV ,44min,TV-PG,NULL
403,Disney Family Sundays,NULL,NULL,NULL,NULL,NULL
404,Rocky Mountain Animal Rescue,8.4,Documentary ,38min,NULL,NULL
405,Made in A Day,7.1,Documentary ,22min,NULL,NULL
406,Alex & Co.,5.4,"Drama , Kids & Family , Music & Musical , Romance , Comedy ",22min,NULL,Claudio Norza 
407,Crash & Bernstein,4.9,"Comedy , Kids & Family ",23min,TV-PG,NULL
408,It's a Dog's Life with Bill Farmer,7.9,Documentary ,22min,TV-G,NULL
409,Calling All T.O.T.S.,NULL,NULL,NULL,NULL,NULL
410,Secrets of Wild India,8.0,Documentary ,49min,TV-PG,Duncan Chard 
411,The Wild Life of Dr. Ole,8.5,"Documentary , Reality TV ",44min,TV-PG,NULL
412,Special Agent Oso: Three Healthy Steps,6.7,Animation ,2min,NULL,NULL
413,Sam's Zookeeper Challenge,NULL,NULL,NULL,NULL,NULL
414,Nature Boom Time,NULL,NULL,NULL,NULL,NULL
415,Scuba Sam's World,NULL,NULL,NULL,NULL,NULL
416,The Book of Once Upon a Time,NULL,NULL,NULL,NULL,NULL
417,Destination World,NULL,NULL,NULL,NULL,NULL
418,Fearless Adventures with Jack Randall,NULL,NULL,NULL,NULL,NULL
419,United States of Animals,6.3,Documentary ,22min,TV-PG,NULL
420,Muppet Babies: Play Date,6.5,Kids & Family ,3min,NULL,NULL
421,Marvel Funko Shorts,NULL,NULL,NULL,NULL,NULL
422,Fury Files,5.5,"Animation , Action & Adventure , Fantasy , Science-Fiction ",3min,TV-Y7,NULL
423,Love & Vets,NULL,NULL,NULL,NULL,NULL
424,Best Job Ever,NULL,NULL,NULL,NULL,NULL
425,Roll it Back,NULL,NULL,NULL,NULL,NULL
426,Party Animals,NULL,NULL,NULL,NULL,NULL
427,Marvel's Hero Project,6.1,"Documentary , Reality TV ",26min,TV-G,NULL
428,Marvel's Ultimate Comics,NULL,NULL,NULL,NULL,NULL
429,Kingdom of the Polar Bears,NULL,NULL,NULL,NULL,NULL
